{
  "random" : false,
  "authPass" : null,
  "useOnlinePac" : false,
  "TTL" : 0,
  "global" : false,
  "reconnectTimes" : 3,
  "index" : 0,
  "proxyType" : 0,
  "proxyHost" : null,
  "authUser" : null,
  "proxyAuthPass" : null,
  "isDefault" : false,
  "pacUrl" : null,
  "configs" : [
    {
      "enable" : true,
      "password" : "NWI5OGNkNm",
      "method" : "aes-256-cfb",
      "remarks" : "BoringSSR",
      "server" : "67.216.212.161",
      "obfs" : "plain",
      "protocol" : "origin",
      "protocolparam" : "tls1.2_ticket_auth",
      "server_port" : 23333,
      "remarks_base64" : "Qm9yaW5nU1NS"
    }
  ],
  "proxyPort" : 0,
  "randomAlgorithm" : 0,
  "proxyEnable" : false,
  "enabled" : true,
  "autoban" : false,
  "proxyAuthUser" : null,
  "shareOverLan" : false,
  "localPort" : 1080
}